name,phone,email,postalZip,Salary,country,age,user_id
Tiger Marsh,02 83 45 64 91,dui.nec.urna@icloud.com,327133,"$7,983",Colombia,86,1
Nora Massey,02 17 58 96 46,in.condimentum@protonmail.com,157918,"$6,536",Vietnam,44,2
Ferdinand Franks,04 51 32 48 69,class@yahoo.couk,58727-37355,"$9,007",Chile,24,3
Ulysses Moore,03 37 32 93 63,pede.et.risus@aol.org,35984,"$7,723",Chile,38,4
Dillon Holt,07 16 11 12 35,risus@aol.couk,36-36,"$7,022",Italy,94,5
Kyla Anderson,07 87 31 44 20,amet.consectetuer@yahoo.net,1895,"$5,546",Mexico,22,6
Mira Kelley,07 00 76 65 02,dui.semper.et@icloud.ca,44625,"$9,184",Singapore,27,7
Kellie Knox,05 12 23 16 68,pede.sagittis@icloud.edu,944248,"$5,800",India,27,8
Robert Walls,06 12 97 14 04,faucibus.id@aol.couk,605246,"$6,065",China,53,9
Wyoming Kelly,06 28 66 68 61,cursus.nunc.mauris@outlook.net,2731,"$6,466",Germany,23,10
Ashton Castaneda,03 44 66 36 63,vehicula@icloud.edu,37215,"$5,068",Sweden,55,11
Kathleen Riley,03 99 33 32 73,donec@aol.ca,12203,"$8,000",United Kingdom,67,12
Christopher Dean,02 70 53 31 87,tempus.lorem@icloud.org,74738-375,"$8,077",India,45,13
Ivan Cortez,05 37 66 14 02,sed.neque@yahoo.edu,22386,"$7,843",Costa Rica,30,14
Gary Fuentes,05 51 74 24 78,orci.donec@protonmail.org,315349,"$6,308",Russian Federation,92,15
Hope David,03 29 13 53 88,iaculis.odio@aol.ca,5048,"$8,395",Spain,81,16
Jakeem Wise,02 81 08 34 94,nec.ante@protonmail.ca,324551,"$8,987",Russian Federation,28,17
Kiayada Morales,04 15 56 22 39,eget.ipsum.suspendisse@outlook.edu,47312,"$6,443",Vietnam,52,18
Emily Oneil,01 14 25 32 86,et@protonmail.edu,6722 JK,"$6,851",Norway,43,19
Constance Sanford,09 53 21 13 75,rhoncus@google.edu,45-232,"$7,341",Ukraine,48,20
Lunea Mays,07 82 31 04 24,pede.nonummy@hotmail.couk,47-105,"$9,967",Norway,64,21
Keelie Boone,01 25 15 23 20,eu.sem@yahoo.com,N8J 5NV,"$7,855",Nigeria,55,22
Meredith Rogers,01 79 26 19 74,rutrum@protonmail.edu,V06 7NU,"$6,709",Spain,47,23
Sydnee Byrd,02 55 41 57 75,aliquam.gravida.mauris@yahoo.ca,277828,"$6,572",France,45,24
Vivian Goodman,02 63 13 22 39,arcu.aliquam@hotmail.com,36-47,"$9,770",France,66,25
Gareth Young,04 57 09 90 35,sed.neque@protonmail.ca,13033,"$9,544",Brazil,77,26
Lucius Gilmore,05 37 12 29 28,porttitor.eros@hotmail.edu,756618,"$8,484",Austria,82,27
Scarlet Witt,07 96 75 44 19,libero.at@hotmail.edu,21807,"$5,948",Belgium,25,28
Ori Heath,09 12 63 32 31,nunc@aol.net,0390-2564,"$8,710",Netherlands,92,29
Indigo Medina,04 22 49 73 46,quis.diam@aol.couk,85655,"$5,148",Pakistan,20,30
Helen Leonard,06 99 76 43 61,congue@hotmail.org,05342,"$5,034",Nigeria,37,31
Evan Hickman,06 40 81 44 90,vestibulum.neque@yahoo.couk,41852,"$8,492",Sweden,83,32
Jakeem Coffey,08 97 35 42 43,ac@outlook.com,63523,"$5,352",New Zealand,24,33
Shelly Bentley,04 25 55 31 46,auctor.odio@icloud.com,85288-04671,"$6,303",South Africa,65,34
William Morse,03 23 95 87 15,magna.phasellus@hotmail.couk,46315,"$6,032",Vietnam,46,35
Nasim Mcleod,09 81 53 74 11,posuere.vulputate.lacus@icloud.net,91J 9J4,"$6,494",Colombia,89,36
Hedley Navarro,07 78 12 67 44,mi.aliquam.gravida@aol.edu,8784,"$7,874",Spain,83,37
Knox Herring,06 77 84 34 52,pede.nunc@protonmail.ca,38822,"$8,626",New Zealand,88,38
Oren Richmond,04 37 09 06 57,tristique.senectus.et@protonmail.couk,35-46,"$8,800",Norway,63,39
Bruno Carroll,03 80 22 86 97,neque.sed@icloud.net,982292,"$6,622",Canada,75,40
Aretha Chen,09 56 23 98 48,cum.sociis.natoque@hotmail.edu,3667,"$7,624",Canada,55,41
Melissa Lopez,06 23 18 68 96,in.aliquet@outlook.ca,H9V 5L5,"$7,757",Turkey,35,42
Bruno Clark,02 35 71 62 88,libero.proin.sed@hotmail.org,316453,"$7,700",Indonesia,56,43
Darius Cherry,02 12 32 19 18,risus.quis@protonmail.net,6434,"$5,086",Russian Federation,63,44
Adara Sanchez,01 66 30 28 05,metus.vitae@google.net,75641,"$7,095",Austria,21,45
Emerson Conley,06 81 71 26 71,amet.luctus@aol.net,981622,"$6,826",Russian Federation,31,46
Iliana Beach,05 70 36 55 56,scelerisque.dui@hotmail.ca,63483,"$8,236",Mexico,87,47
Forrest Camacho,08 91 63 01 14,nam.ligula.elit@google.ca,2015,"$6,033",Chile,48,48
Melodie Sheppard,04 41 42 83 18,congue.elit@icloud.couk,953612,"$6,390",Pakistan,56,49
Rhoda Cooley,04 97 04 26 73,eu.eleifend@google.org,6848,"$6,367",India,47,50
Dane Boone,08 83 57 34 48,non.enim.mauris@protonmail.net,5517,"$6,180",Russian Federation,89,51
Judah Grimes,04 75 21 23 63,tellus.imperdiet.non@icloud.net,28239-56245,"$7,613",South Africa,84,52
Giacomo Goodwin,04 28 18 01 27,orci.luctus@google.couk,68423,"$7,136",Netherlands,34,53
Tatyana Emerson,05 57 51 81 41,sem.ut@google.edu,50473,"$8,408",United States,93,54
Todd Pittman,02 46 51 27 82,semper.et.lacinia@protonmail.com,1513,"$9,481",Brazil,58,55
Phoebe Fuller,06 14 22 18 47,parturient.montes@aol.couk,75611,"$5,615",Poland,42,56
John Salazar,08 58 88 71 54,sociosqu.ad.litora@hotmail.couk,586316,"$6,712",Costa Rica,51,57
Sebastian House,06 97 52 15 55,augue@aol.org,61346-752,"$8,626",Colombia,76,58
Darrel Myers,08 36 17 61 17,tellus.suspendisse.sed@protonmail.ca,4434,"$6,406",Vietnam,94,59
Aileen O'Neill,05 87 31 31 53,cursus.et@hotmail.ca,U1V 1IS,"$8,079",Italy,86,60
Cassady Boyer,02 78 14 73 69,mauris.sapien@protonmail.net,02636,"$6,372",Costa Rica,33,61
Carl Espinoza,06 52 54 46 67,tempus.scelerisque@protonmail.edu,9434,"$9,124",Singapore,46,62
Ezekiel Bullock,02 82 72 68 58,penatibus.et@yahoo.ca,37523,"$5,276",Brazil,30,63
Victoria Shepard,02 64 52 35 24,pretium.neque.morbi@google.couk,85687,"$7,239",Australia,94,64
Micah Chan,09 60 88 45 46,egestas.lacinia@protonmail.edu,3365 XN,"$5,731",Germany,43,65
Shelby Norris,04 15 83 34 50,eu.ligula.aenean@yahoo.couk,2512,"$7,948",Chile,43,66
Orson Cantrell,05 77 21 77 41,sem@hotmail.couk,28137,"$6,840",Sweden,56,67
Charde Puckett,06 73 36 45 11,libero.donec@aol.ca,4630 LY,"$8,779",South Korea,77,68
Randall Maldonado,07 41 29 06 52,sed.nec.metus@protonmail.net,2140,"$5,230",Turkey,59,69
Matthew David,08 74 23 77 64,aliquet.diam@aol.ca,952223,"$9,256",New Zealand,54,70
Darrel Head,04 59 43 17 42,tincidunt.dui.augue@hotmail.com,0432-1831,"$5,173",Ireland,66,71
Marah Malone,07 79 75 73 41,praesent.eu@icloud.edu,Y7K 1W2,"$7,749",United States,62,72
Hu Marks,06 13 00 85 06,integer.vulputate.risus@aol.org,4823,"$6,884",New Zealand,95,73
Colleen Campbell,05 09 30 71 61,iaculis.lacus@protonmail.org,628869,"$5,737",France,21,74
Walter Wiggins,08 04 23 36 41,mollis.non@icloud.org,587379,"$5,948",Singapore,39,75
Brody Burgess,06 77 84 65 57,lacus@google.ca,63-52,"$8,544",United States,20,76
Jordan Cline,06 89 08 58 35,enim.sit.amet@hotmail.net,63387,"$5,250",Pakistan,83,77
Jameson Maddox,05 00 94 87 68,nibh@protonmail.edu,5489,"$8,935",New Zealand,61,78
Steel Bridges,05 73 75 54 45,pellentesque.massa.lobortis@outlook.couk,378457,"$8,395",Vietnam,49,79
Barclay Flowers,08 47 33 44 24,ipsum.donec.sollicitudin@protonmail.org,7574,"$6,339",Colombia,21,80
Simon Davenport,01 28 82 61 22,ac.sem.ut@google.net,118460,"$9,937",Norway,41,81
Howard Mullins,09 87 33 30 92,facilisis.vitae@outlook.ca,23321,"$6,757",Ireland,70,82
Winter Luna,09 84 18 87 87,mauris.vestibulum@google.edu,5887,"$5,854",Poland,40,83
Ciaran Salazar,03 81 26 08 32,consequat.nec@google.ca,41403,"$9,607",Philippines,76,84
Leigh Hull,04 95 63 44 12,sem.pellentesque@hotmail.net,61902,"$6,620",South Africa,68,85
Kiona Dale,03 36 47 77 26,fringilla.est.mauris@outlook.couk,6825,"$5,581",India,29,86
Jena Burton,04 18 37 55 54,egestas.a@protonmail.couk,13780,"$7,313",South Korea,39,87
Kyle Oliver,08 34 75 32 21,rhoncus@hotmail.ca,396578,"$7,856",Russian Federation,36,88
Abbot Chang,06 40 44 38 71,vitae@hotmail.edu,18986,"$5,689",Germany,34,89
Magee Webster,08 21 64 81 02,tristique@protonmail.net,03440,"$5,948",United Kingdom,48,90
Raymond Stout,07 15 28 40 60,gravida@yahoo.com,865704,"$9,060",South Korea,56,91
Josiah Howe,06 04 91 87 87,in.scelerisque.scelerisque@icloud.ca,4551,"$7,676",Ireland,94,92
Craig Joyner,07 74 98 17 22,sed@hotmail.ca,387248,"$6,423",Chile,27,93
Silas Middleton,02 73 18 22 01,tellus@hotmail.net,44455,"$5,986",Indonesia,32,94
Orli Leach,06 64 51 15 87,facilisis.eget.ipsum@protonmail.couk,2567 CF,"$6,732",Costa Rica,50,95
Gannon Gross,02 52 56 24 76,vel.est.tempor@icloud.org,225241,"$9,279",Canada,80,96
Jaden Fox,06 71 58 36 82,vehicula.aliquet.libero@google.com,62-54,"$6,179",Ukraine,43,97
Donovan Savage,05 24 04 47 25,mauris.elit@outlook.net,4783,"$8,675",Brazil,77,98
Whilemina Nielsen,01 06 54 85 38,curabitur@google.net,5273 UF,"$6,524",Spain,74,99
Odysseus Logan,07 13 08 32 17,diam.vel@icloud.ca,1644-3233,"$6,873",Nigeria,68,100
